commitId,changedFiles,additions,deletions
03336a980d738426fb76202750befa48f3c1599e,1,49,46
0531b8bff5c14d9504beefb4ad47f473e3a22932,1,4,4
0950c46beda335819928585f1262dfe1dca78a0b,3,103,0
0f92fdd8e6422d5b79c610a7fd8409d222315a49,3,142,1
100f571c9a2835d5a30a55374b9be74c147e031f,2,39,213
12954a69895db8e60522c72557b93c53973dc436,2,110,103
135b6c13e03dbb519f8163f5ee5b2c8d7c87684c,1,5,4
169e7e06ea223bd3fdca2460b74e9cd361439fff,1,11,0
191f023cf5253ea90647bc091dcaf55ccdce81cc,2,25,0
1945713fd50d0e6740df94fb63358a0939105ab5,1,1,1
232612c800c2583da61b95397141040d3106efda,1,23,32
271eda44a52f5aa8dc1c9dac3679ec3fd0596eab,1,3,1
2b0b6845d3c96a4c784d5c0b1b211860909d2f23,3,143,0
2bf53a9a3c6ddd9051a50fdbf9600a2e585f7a35,1,8,9
2d7b9660ef2825c25f2f3fbeda9acb96c3712575,1,22,26
2f40ce3e2a5e244315c16865967f58930f57cf7c,2,33,2
35cf457bf5c487afb2d380be17956b3084a1e558,1,9,40
36875309b2c4e6276964e013819ba513e23eea24,2,29,8
387c765e345c46a74a403aa2b8e3b7c634864087,1,5,3
3bed0b4348c2c87052e51618fb8cbd5afa58e2db,3,77,140
3e26fa32b15dfa1e16bddaae6b874a744358de75,1,19,13
3ed9f0f35aa82e04798ff4f35a32207787d78074,1,19,4
43719c7dfd29922dd45a007923405958aa540f2d,1,0,19
45afeb9fb5ce49a9f0e4d931057ebaf6990111ab,2,26,17
493e8ad45f39306754484ada51bfe397928404fd,2,44,1
4a9f2fb05a3163e11ed35d85a33a6b8e216dde77,1,38,1
4b4d4fe741e9396560b186427a15faf803d423de,1,76,0
52bd53f5ea5eec84818d65b40e81d0a82ada6ba8,19,306,90
52bf7e145152f3b9c5d1ffe07247bab5f95bdde9,2,9,3
52cef142154655900ba8669dce631aca7142f9b6,1,4,2
538d245ba9744f57d66724982db4850e6d3ba226,4,243,37
546dd6e5458d5fa4e36c2d7fc1aaa1a12f4f0973,1,10,4
581b19f0fef9fbd7f4a5e2d6569b8eca09bf28e1,1,1,1
59d6a57f9a5e93146bcc83bcdb6f7c26ce644c51,1,2,1
5dc029274e41fdf5f761b0207e1dc96a1af2cb96,3,124,18
629acade597d92dbfd8d020497a0ba523afd1754,4,244,5
6368578020adf4796ac899ef2b0b9a695c59601c,6,328,188
6383157b2961749ab46b8d05653ffb5f757f0be8,2,12,86
646aa624eaddb4f543a1019f2d5ef49795cf66ce,1,48,12
69a1dbd753d1f060df38e47e6179cf05b6b62d63,1,47,0
69c6e80acd16d0073400d78bd0e52caf44ef8f40,3,10,10
6bacf96acc651018a8cb4a0036e26dde975b7c65,2,2,2
6bece88c6941a754a8cc054bbe9946f1e7c0c615,2,157,9
6d11a551dcf9bb2ed2bd10530b1fbaf6f6380804,1,3,9
6de7fd15b7b4f42263d847fe462552110c405bb3,4,130,105
6f259eb229470099173b20b236e55435597b1e3f,2,44,5
70bd7099ec082958928b821e89fbb7c76b1ed01c,1,2,1
72d9872fffa2b8f6d534612436b1613ed062e026,1,40,1
76517d9ac96d3f7f9475743c539e2b9efbd0d0f0,2,27,1
76f5cc4ae6906d0885a1626ad280f4402ce7ac69,1,19,4
770ee735efa935a21b9992090eb063732e826ba5,1,115,1
788d431d98df0087a4ea7be7b3c82c4c5d2a8209,1,48,5
7d10c7e49521bfcab46fc07b134c933a2f054282,2,128,4
885de91ea45d194f0473fa9c3098243f18d3f65f,3,4,29
8eb76715a1a4a7cabc56a17c0d44bc6bb9d2ebcf,2,73,1
92fe7f9d32f2c53767ecfea631aae79c9f3ac9d4,4,37,35
935b63527dacf2c380a53ce83ca5b1d06aadca75,4,94,4
959b0d84b4ee762461d47324cd2d4d00a3e49c0f,1,14,13
96b3801250c561bdcfc7504100309176ec502f57,19,129,129
9869e7875cf052f6c54e4ffedf9fa70f3803e3da,1,20,22
992ff293a9dc7efbedaa8290316f0f4e9e030439,1,25,25
9a94fd278693e098837dddce222a732c1a57f532,5,234,72
9d48f996e4ee55e89dc3c60d9dd7a8d644316140,31,2384,2336
9eb049791037ecb65da18b562ff57804fbd6e942,21,87,55
abd66858b71d2cad75bbfbcb4cb0b616caacc5ed,3,194,179
ac26e42d1e85deac0b7bfa50c3ca3e5298493dd4,2,4,4
acfbc75640d5eaeea7a2ba9329e32f9d1efaa649,1,12,4
ad2358bba102bd4e9876028cf30341ec48aabe4f,1,237,63
aeb879a8afa7d78e96c32bdd76a519f9ff4279bd,1,4,2
b02e572bdb781485ce87181f70b426454ab8abcb,1,148,97
b28007ee8f236ffbad6d1fc21ff5867e14e3d75b,1,13,3
b6096079c17488b1232f7db942c529c7eb5f9843,1,14,15
be560b58da1c89e56091cd109f620d7eda3a24fb,2,19,27
c46153c7e058b212d97698f5b6f06733d669d46f,2,179,36
c9c816ed3fb54e7ecf12c2a4bc06014b4fe277b5,1,20,4
ccd24b5c3ce471428531e12737591b94c91db8bf,2,59,0
cce874510408305fed6e01ab5b70ab753f9ac693,2,81,44
cd2f14637bcecec0081104d749cd1bf10f28b07d,2,83,3
cec891510bb4cdb379d11691eaf004289a50d044,1,4,4
cef0b916c546bf6178b493eafc1ea4adb0357e18,2,27,8
d2a3f29496d22df52ba4bf66aa5c408cf286d4bc,2,60,1
d35b3e7d8b5fd7b509ed5cb78937b29dbe240210,1,30,1
d43b3d1f76bc13cd4c2bf8cb4f951f751aea86e6,1,4,2
db14c09d6257c537ce0b77f004410ce1606db73f,1,2,3
dee6fa9c5b599abf685527e357ffb7e89494a1e1,2,122,0
df09fcb6a53b70a828698fbad71e681edbcdc7f4,5,129,8
df7bf90803a686946e09d9ec175f8ab85277e989,1,2,7
e449fb139b70db15ffae182355d5306d90389adb,1,82,57
e517f55833c7ec02676bd850e9cd8f302a8a713f,2,22,14
e917c77d296109edead50146691b09c91d3ea748,2,519,8
ea3cbbfc7cebb2adc6edd8c9aaefd786c7cd05df,1,134,0
eb5df87c7ec4d7f62873dcf29108ddc2abcd13ca,1,19,27
eb9af4d3708a91c6442966dc38ee1d6139d361c7,1,1,0
f1be5f4addf30f47b1d915ca708566bf49beb7f8,1,33,37
f26b7b2321ba561c947da92510e95e22f059351c,1,8,4
f26b7b2321ba561c947da92510e95e22f059351c,1,8,4
f2a59c6ea1b336cf2b7563fccbeecf278777808a,2,45,1
f3362eb788219ecc55d4b648e2fb589e8d6171d1,1,7,2
f64233fb2d9bcb77e9249d3bc497fd9d110e6a9f,2,78,0
ff642734febd8c5df95b67d5537c6f571a3c3aa2,3,178,182
013fd99d0dd0df30e0bb7fcb98e41cd1633319cb,1,2,2
03351581d05f135185ba6e487986f14667b25cbe,2,2,4
03687b80bcd2c8f8968a044f4f9b8c865af0fd61,4,275,25
074f83c80b2fcb400e4e7102a882a0bcb4536e7e,1,13,3
0e8a141437a6645deb85a730bc9adfb757bb27b8,2,7,12
0f30646656428e3f2eb7c3a598fdf9cb1edee919,6,59,308
14f8d46f2fdfc5994b025ba2b4d19ba685f90b2e,1,10,0
1596f988357e666df08193bfb7f41a61f6397afe,2,41,41
17cf114310d01eb41045872d12758bff2c452d93,2,29,1
1927f040774aa75d2dfe1d95fae9b43ee821361b,1,2,2
1d24d71821f0163977a4d625263c9dcfaabe7bcb,11,253,209
1fa7b71cf82cc30757ecf5d2a8e0cfba654ed469,1,19,8
21f80973533b8c64032d864d8299bcb05f54445e,2,10,4
23f836454d9c5a495111b068f45d6aa89a2a724a,5,180,78
2993d97c97a69906b6f790bbc0608848f26d5b48,2,41,22
2b47c1528690b6413060401b254c79a9dc89ce85,10,121,36
3086b191dda16c22e7a909f131296f6c060bc639,7,254,175
3161a555e1e898786041b84b98f0c45630b7c78e,3,17,1
3181d96ec864a467d4259e31c64f2b7554afc3d4,2,2,10
363d81c247072698e77dec6e2bb166c18d41be8b,7,90,88
36c3025c974288b8d2322dd9a830d7bff0b155cb,2,4,0
3c24b6a24d66ac927b94ce808ee0e395cc008e0b,1,2,2
3fd458ad88808e542b211461a49728138c1ebe79,20,847,59
41a8d9ab2bd15c19edff0f374179fba4db5405a7,2,3,2
43b5767f6213784c7e4cdfce2bebadd87108b33f,13,61,65
4405698ee99fe26d0ac9317a2df96096f2731a7b,1,5,1
44a27c5cd76f44e435671c69d1d8f60c42a2b420,6,94,22
4558ca5a79a5106287438df8a737e4a1635e4534,3,11,3
45e4ec9000f8fbca1a5f04c68c1b516388f02a8f,4,9,13
46349a89d9d332e1f7c9f976f65efc79ea46cd29,3,51,19
48b37d99bff444562915a1378de7834de820ad93,1,3,1
4bb48156bc3c5c31ac6d93044315b8355f158f34,5,24,24
4bfc15f2b9f9dd11baaaa887530b40f8a5fb1c65,1,2,5
4e446e768912ca08b30d74b3c570ddb336b837a6,2,32,2
50ac59fa8530bbd35c21cd61cfd64d2bd7d3eb57,4,160,57
5148146dafe9a89c5d21af420a179603399e9c40,1,32,49
5719e4098bc7fc5401d567284d1187d43304f03e,2,61,11
57ec7d083a68abb23f009f9fdffb80197c138afd,2,44,10
60eee421aac8d7ebbe44070979da88eb4e7371d7,2,18,0
617235b95357c5cfaf06710401d98eaee9572e6a,1,8,4
643ae0c985d01e4b5deb9d28a1381de8179926af,3,73,2
64740a5c0769d65dddc4af0dee65179b610270b0,1,8,0
6ceadd85dc54ab7e5a58cf51d50289055f3d6bb9,3,111,3
6ebd8e3f2a61591f5d017eb43389efef95ec26a4,2,303,3
7181fa35a35a4aa8e2f1bf8d2db39fa87a81e69d,1,7,5
71ab4ddb1907323ff661d6f1c0a87678f95a7571,12,337,54
74066765bb8ca85864f75bde6091f96207f988cf,1,1,1
7972ae764b8aef1c2bc2cd07d4cd4f3b14a4aef2,1,5,4
7fff3ab5f629e07a7b6d8ff56fc32dd68c9766f3,2,9,3
85cb78d8788f9f604ba9f644126c3ebf30bdfd7b,1,5,1
86335c9fb2587613d01c926308bbdb00db1fb562,2,4,1
886a96aed8bf0594e54197e870fc9d53c1282578,6,550,15
895ccff4f350d1e8c7acc121bb9bb118e164adfa,3,168,4
8c3a7e4a7dc3a575720b6e812fc91b38cdd211c5,1,25,17
8d056194e11076f0da84e62f63f86d2abcbcbb60,9,19,16
8fcbc4e91c9dd1e7b5a69a416146960f7af1e711,1,2,2
91749f9c93f0589d0e93e215e068d6b039c2d26a,1,8,3
9214f95cf4e5d19f5d226245043ea0669d276e59,7,74,50
961455cd9d5a09f99612eb6a0edb575b9c308b82,43,3023,308
9c3fba564ca4c860c1d6783458fb988883ef4f8c,2,2,13
9ccbb766bd98a4958a38ddc840e00b7dfa6230d6,2,277,88
a00785136b533e563a9ca408aeaed500f7ad2295,1,1,1
a0b240db548102de8ecaf7e7ee27cd0010557b7d,1,51,62
a170f9ee4e77bc94ed51ff2d143422e27dc1bc01,7,275,30
a376c8da9d3fa0e8b600b69cdc30c9fb0d303709,2,102,1
a3856ca9457b0a4a2b0e5f2504b2b0332cbf0e51,8,37,30
a62eecc95a164415d8f924e1c88e2d144282395d,1,7,4
a6fd48ba12e0f82b3ea937227845a63e5c1f8bf7,1,8,7
a72066f13f76503665abc5d93fcc6edb65ff3f28,3,7,7
a8806266b898ee71376ce9722de407ece9ed359a,28,883,271
af522d6852fef03bfd02233f2066156db4459b90,1,1,2
b246e68435e8d86a2a12fb8fe6c5aa9d9896ff92,1,44,6
b58a646039f2b8830118be3bb6378bf534256291,4,7,75
b590cc49acba625d3d076a9722f2ff87a3400be4,2,2,0
b6aa74ef6393229a9d08ace867cdccdc63a91c64,16,765,169
b8291d673e065fdc24d82aca9e1e4e110e8d81c2,8,109,67
b9e1d6c698b589368f4a155134e8b2ba00608dc8,2,25,14
bc6ad67d673dfdebd216b021193f736dcf5a76f8,2,12,5
bd5a2f972f8c896a896f291d644f4f31b0c2395e,2,43,2
c12028b5b932403ea2ce77a45ad699a013b8d488,1,1,0
ca2f1678d75d9d42867f2124fa3e7dfcf1c367f7,2,8,1
ce2995c49d111b5749a88b4de2065a3a68551386,3,3,6
ceb0d5e68bc6cbf8015be6d5dd785991fbc81455,1,2,2
ceddce542a8dea4d4a647e8c15598fe37393ebb3,2,2,1
d104b26a38fc5379dd01a2a61d865c4dc871cb55,1,28,3
d380a628bfac05b158a059306edf68baa2b33abd,3,183,29
d92252312c9c42b598d3e79fb805912e9e061e43,4,184,12
db217e6a153928cfab79b030ceb351b6fb543642,4,90,77
e1ab934e5d80c32b63db7569f76b12375fe2a6f7,15,374,53
e1bbd8cbc538aae9acc0eb24b1f0751d88f05365,4,27,3
e3665e19679795274e48a1d575ab08bc6e4d706c,3,29,166
e477c143bca83b8ec8e10c65a0e8ef526e24482e,1,32,17
e5ec49b123c4070355182f04397d8c8c347c9aff,6,158,63
ebb08cddcf8511e6a62ffbf0fff675e9627cd376,2,5,0
ed8ba5dff378f6ebd3edca10994ca63976af541b,2,2,4
eef90a46040c6b4018b699dfc96cb4bc8bc4e82e,3,132,39
efa5448aa3dd8afae7d1c5f3eb8798befb247e41,3,110,29
f06af44932d31d1a787425f853f142c98d74f143,3,63,186
f0a32dff9b9cf53707758226f6598ab32cca6b06,6,128,102
f400db0d9b2e1ea03aa26c811f0b8b8ec9cccc61,20,602,160
a141ff2a7973b379f6b4d1aa9178f0750d6502fd,4,245,2
62c048660bd3d4062e56646ae7c17b9a2ef15614,12,3735,66
062042ba83651b8495bc0330023ae7c7c47a38d4,5,136,6
0ab9ab9ce7eeaeb195740d36de05daa0fe3b003c,1,9,4
e3f99578304cb30f1b59c34a4193b9b700f3566a,3,39,45
78930691ca6b664a07a6995c60bb8238cf7edf96,6,193,15
c9a360e36059aa46d7090e879762d44d54fa2782,2,116,24
6ed722529007866fd89f6d996b8be5f4129c27a5,2,18,2
2ed3dbbf674af24f8c8a694fad468377c705918a,3,120,56
48d33ec70a8ea6f872006e46d1c8e0cdd48a2c81,3,100,43
267016758de3143e80244b266a8b27978b115320,5,49,15
040fa2581a8a9b51fb154a5e5ae8aff6c8cd291d,1,24,6
0ed50ca00c1d9abacff4f667afa3d366c9b04e01,1,4,0
fc8ae4d30dee9b255f7caa7da76a9793b1cc6c25,1,221,0
f372f7c109b550c6b20b8196713aa313ad6c249f,2,69,21
4a9c7d672ed83604123448501d73d18258243c6f,1,1,1
a2507a8f1c4e9b3c8d727653aaed2c4beaefc13d,1,3,11
d36f376a8e13c69c3bd78b4d43f554b44b692ed1,1,1,1
b657bdfa1a9467848cc1844b5c732087e5eae1ca,2,35,18
c335b3a1762080f8cb5b2694985d93f17978474e,1,2,0
20f43bf54c4cf1ccb37e69e06057ebc3cc9e1ae8,7,38,7
ebe1a4663d41adf670239bf2765b316a2e46f12d,1,6,6
d0441857cd6853975d83c612bbd2778b51007db8,1,1,1
cb0d7d4735665fa8ca1b59555a06354859c0045a,44,2793,309
b9feaa999969e0c81ce4a84e10db110c37a97535,3,18,56
f520f8bfb97f8bbb9fa6205045facf1c12123cb3,1,40,0
8aea3a2f7d179d0b7f935ec8247533787b0dc71d,2,1,4
6257b7824382d7ef3193828019e3e293a92417f4,20,1221,11
d5c271acf51b504f2316c4a18597dbe81a67c6a9,17,280,1003
e32f16b78909e9567d3410edd5cb760ac2a70bfd,1,4,8
0efa78710b4ff36dcf50457a4ec16090bc96787b,14,804,2
ac03fba9d31c9cca163739df3c05bc1984d230dc,3,3,5
a768016779e3bdbddf310d2d861e74830a62d16c,1,3,1
ef85412f98e97ff5471013eab59fd8cb3046c17a,1,3,3
b12acbcf9e65a80fc88871bb81d2c2b9cc44604c,22,164,311
f537b8cceefa694e895dfaa43722ce6b4283948a,2,13,7
c2f8ee105b99622ad6f3f0c9cee3448cc5b869c7,4,35,14
9e6fab3a6dcbf26e3aad60aa5cf371adbdc3b47b,8,220,83
615fc435cc88c2c4fe66e9359f1d69e5eb134d18,1,45,24
98249507cff3e363ecb4c5f06f14f0bb96da1ad5,2,20,9
75fd6d4985f9e1b74294d1c8a21b5a559f0c96fd,3,97,0
4da9b2cc9c18a5b8680550e3bdbe2c405abb5d81,1,9,1
265e2fb8bcfede045d213568f157873abcf445b4,8,199,75
01327d7136472ba8b720f6c788b17f8527960d32,14,37,9
95ba62f83dfa05990d2165484330cdd0792064d8,1,2,2
439413c6269bbc9655f7e86c70dc85dd7e150f63,1,18,24
b02e6dc996d3985a8a136f290c4a8810ce05aaab,8,24,21
59cedea0109946484c70601164689d499a8612b0,5,28,3
afb690e2337caa1cb6b34ca921ae7d0edb7600b9,9,104,50
6f1932ab677b4e544fa964a6aacc7e888613ff2f,1,15,0
91b74931a3d858645cf106295090a11e803c3e83,1,19,1
f38296da61ed21544ad45609c52d950adf913dca,5,71,23
ed7166227500891e13c982a2f681962a6b56e5f4,1,3,0
42d5bdd3378bbd246a5ecf4a3c09f76f519e4e9b,18,340,237
c5c87c4a4809078b14a2ce49c8da6010dbad17b7,2,15,11
e1c739fe6fcf4458c1ddad3ed2c79d1e78a3e980,1,17,34
8933947b9549f6bbf4dd81034a6d47a22acdf895,1,17,8
8601529be8f92954b05f982a1d5f6b9e2025bace,3,81,13
af183a16193c1b8743e609c713c61a7c0ce0ee49,1,1,0
c23c5d2494aafc4416a98e6768a1f3a3022cd011,9,307,19
dd7cae7c19717429099c98536c0186a0677ed593,3,61,51
cb5df26bf792108e5063e99b4359b33cf7422f22,1,1,1
d4bc187be90fb4bf65bde43d6166073429041749,55,353,353
98a24828255cde13eaee893eafc9a049bb2183a7,2,75,0
6b8123d7265158c62e4be7aaa20d7b70e3703c10,4,101,0
d479611dc5e989d79308e3b10a5e9b3952f730d0,2,27,52
19152416a44473325a6c3605f9accc4fee379b63,1,17,2
0c82fc5901c4ca81ff9226f703cf575194c92948,1,5,2
30f9f278c3430f9e936f566ee8b3394f86f2b01e,2,80,8
4155741f7f486537d4a5f7193d79098d523a6ae8,2,31,4
cb51d3c5762e6f2808f9ab358943b3dc85e9bd95,3,48,4
d9699e02f4e28c75cc5ffdd125b11d99325766c4,1,1,1
2b5e3f5586ad0c71dcf404a166e18529a960eb00,2,43,10
f4cf5a7d4a1b3998632309288777275bc30517bb,1,10,8
55a5c26de8023fa65c0f231666034649f963f93f,1,1,1
0e9594e02dae2859b0b247f8d3c1242acbf0e63d,6,383,88
80ef201514764e948d2ed8b91143c205560382b1,1,15,33
6b24921bd49cc1179d9e9dc36d68e5aeeacb6550,1,3,1
953a99c75cde29a18db58abde3fdee720fcddc4f,5,46,37
8ccfca3a2f0193f0a4da38e206c35cf08402218f,24,36,167
8ebbd1e7b964b6c81a49c7d4c2476584c6279e06,21,253,79
7709c68f6312703b60b40f9ded1bd6121daa1d58,4,32,3
a2444e9494e0bf9572f0c76f3307080974ce3b56,4,0,45
296b6b2f5757d2f8100daef0d2507183deeca77a,3,75,36
2eeb4ebd8c3af6f5838efe510da4c92ceb0ceb35,1,16,4
81e6ff51623792ebe9cb7c277fccd044bdd432b9,4,170,60
e2c33ed6590eacc62ddf04c48a735146cd977362,1,2,2
1e84c439e593999ae148a459e560380f59ca7124,1,9,1
9f923255878b7baefd89bc37af8fe3072f163322,1,6,1
97f4f27b14e6afe3833fecfce79ca39877f2227a,7,145,175
602c63d2aa3936a766e4e3432721812096ed54f5,1,8,1
d3fde78394aa28a344bc40f7724fc794c5682898,1,3,1
2d2e9e06218153e725310e1b24cefb870cda12cc,1,2,2
10bc2480001f2c399afa50add8f66b1e22144b14,1,4,1
2a211705a3db21df6acc2e2d2e059cd9cd5e4ea6,1,11,7
de3cde3e1eb1984b86ba9320e6662b8bf63e1fcb,4,29,22
9ac048c68ce96eec3a900c3b703401ae63170d51,1,4,1
a342029d36fc8cdd6be3ab540cd2527ddd022188,1,1,0
f79cf4149fe680ff36117277ffb45d4f2e53c33d,1,5,5
4634ca5cb8c8ad0a3c725363f3705a4078c04c9c,11,38,21
57fcd761f2997629c75aac3617c0d97e80dcea0c,2,39,1
11ceaccc20c2e820e4891c5264947a01ca040bf4,2,29,23
dc9e9cb4cc87f132a32a00e6589d807350f0b8e0,2,166,9
311520d14682a1f3096dc9307da3e5fcb82936ab,5,24,18
6950c38a0436ec937797f01fba8d7d95e6d6225f,41,835,978
b6277ac14d5c35c8f5c80616829868c4ea74abfa,3,3,3
c907ce325e89b25d0ff29288f018adda35bbdeed,1,13,7
bb8a666b6dd51330be8a88cb48f923a57264a673,1,3,3
393b67f7a03d76698375be3350ff9282661fbf21,1,1,1
8bf446f012faddf7762db07ed85199f05c58d6bf,1,11,11
01de4037a2111d2ded5cbf72a444e3e4088d95da,2,38,24
96d1fe8096874e6d5b7a0ad85e918756b5cf046a,1,4,4
0d8d64ea057546e5e2dcd312fe5a80fcb3214460,1,28,18
8dc78ca7af53778f2e156e575551a3bcab1d1f7b,1,13,6
9d8ae0a8feb951f799df29fc9f10ba07f4b0b255,1,4,1
aecde5a15d035beb421ef31c4a005e273b2912a0,1,4,4
469ae561947ace9a87d971875fbf454a499b542c,1,5,0
8e9ab4143d260585d73890c6d691b18f865bd2a8,1,1,1
01e706466e561557d8591b3031cd85ae39b0559a,3,17,4
ce8dcc887659ef6b378f2c0650352d67b61b2e7f,1,1,1
f0e9bf9f4ccaaa8e0b41f28f97fb7b6d15a88363,1,1,1
d1bdfa2c80fa011aef572a598e7a1e0671f70e25,1,6,2
e2ffe19d36e25a9d208e53a534f878e8605ed5ab,2,12,21
cadd12fe44f37ce5c40652a800820eca8b09cfb7,2,13,11
d18dca5dbbceb9126f3a463332d7baab6dc034db,2,2,2
4f19dccda7d8779636f6cc4752552d5b80cce8bb,3,435,155
1e971c6aa481b2794369ce66173ebeb77c08350a,1,4,1
00feeb78cbd1f63af1736c775f6e228df6656671,1,3,3
cbde1cfa6eec6cc37025fea406deb33eb82c3509,2,27,3
ed110ba2625abe4a6c641f1f7fb335c9cac33b20,1,16,1
9d3a1f0f0f6f7c1781e7f6b5785e23db6eb5703a,1,1,1
7819aeccba263171444ca56c1621aca3f7d649e8,1,12,7
1ae65999cf19232ed85d3329fd4f4887c2f3fe47,1,3,3
deb64435cb63102ac487bc00f081e4b3c05bc5b9,1,1,1
431ccf96d2b8cfbea44518bc2ec9fa6937b421da,1,1,2
74833e575b909e9bff3d512be4c748c81f7fab4a,14,235,104
1d1f8c41ced44e78fcb8e1749cf7478e65aeb0fb,1,1,1
e9dee4fc76caaca231bf10728d4f82bc46581bc5,1,1,1
26d26d605e9887885afe78d943fbf152d965e44a,4,15,4
e931ef7e6e360b1a89e3f0d97fbc8332852b8dcd,3,31,2
efa7f1fccf51ef1a83266e815d124c782c2a0815,3,31,33
12585ca80029fbd7b024d4c47b05f71dbdb2f70c,1,23,77
a77138a065b1b594fdb7351f9503be4496995b97,1,23,77
7ccd3abb7942553d5b1dc6c6c18cdbe9d6ecc129,1,5,3
747ce871172baf71ecc0eb8c86f5a0aa4f624b4f,1,1,1
f1ac1054e3fc59f52237fb83da52c53dffe71de3,2,7,8
5662b8294b0cd31ce780f577fc0847dd347b49ad,1,2,1
7571758906d60e95dce84bfdd2d047c1ae3bdb43,1,17,3
6cf1c05df962548294a2ec5059e6176ca24b8dfc,4,24,11
bbb3b5a0d37545dc714d3f95cb7e4650b29db622,4,11,2
db02e53849878e327f9aa67a9cbe6e919e2b0022,4,9,3
0f964dada0a88faeac1b93bde703a75662aaebef,1,10,9
d0994540cd94cb3803dba57cb127727d4b8a67ff,1,3,1
e5ad59a45147e27b7c2a7a7aed9272f87a5d4746,1,2,1
aa25be6a631c53788feacb19209b12924bd93f51,1,3,4
41babf3a10b9d1c0ad9dcf33b39261a96097a4a8,1,1,1
5acb3713b509efd92e51d2e3501988ff6ec4f34d,1,30,4
84225b56288b90fe708cf37c909cec8be150faae,2,42,17
9f374fea84e7e7072292fbd2c48da0b8c1ab7a4d,1,4,1
0150f4371b246f708942d3c10094499aa827fd5e,1,7,0
ecbe69e87d908f4cc8bfec5f9a47244b8947fb0b,1,2,2
829bc369078a940aa757f96b1cbf310fa4ac705f,2,8,4
988192ad2245343da0fbf89277746833256d0109,11,33,58
a57debf4fe3380f7ad9d46db90d083d979541ebb,1,3,2
821b8e890f81782bd070a6280c5255d8352d4a56,1,11,16
8276661ff3a71d4fcf50f72dc377f92f17f1d889,6,139,8
72e6b0f964e7cb14e3b907b3022cd259e1994290,2,38,19
006b5cd1ab45f53321ff664f46b1335ec018c807,1,4,1
eb1027b5e8c047059f68e7547188d08c7fde0b6f,2,8,3
eeca7f092acfcc681155e6bfd5c77611df15ebe0,4,95,62
8456536126f631d665ffd715dca9ae981588632e,3,13,17
7f75579b43b6d2f804a092459ec53027dea9a64c,1,1,1
e8979daeaaae5cc34788ca5b04bf32826af491ae,1,8,16
7bb429c9cde94494cde83b99715149c680c1dae9,2,6,3
5fee1b116bcd427168f1fafc7948c2e44520cc5c,4,18,4
3e0e71690424ab386f97e3b3f18751748cf52e49,1,1,1
b792e33fdb52d83b0ce13bf2eaa98c0242bce157,2,2,0
a2ac32d1d9827f6edf7b72cf47fdbf9023e78ba9,2,22,15
33b59a403ff3d1297bc8378a4ab995aff0e6ec73,4,30,7
b840ee2fb3875069fa1148c9c51a57fed5a9632c,1,1,14
d158a03f09a1df7df66d53a8eda24762f5707718,1,20,28
591f5202c621bbfedc351dff81437dcedf4b2827,1,20,1
33660bc78e9b8d0cef71d635bf609c6dcb6ddeea,1,20,3
aa6d81a239cf699410b26517abba69a650b5ba42,2,18,1
b3bab12e6135d7c792c297d6f46b032ce496c18d,1,14,0
a7a67f1a1adc33e6f629bd1aa9aaa92170eda88e,7,122,46
0744b7f381289147be4eb9e43a0f03e449c1768c,1,4,3
aa30bba068584f0a343d986de20c7d8a62037b2e,3,75,18
d54477c34b1643fb68539bf6c235dc001582ec9c,1,0,2
7ed444678012a695278f54ab86ca4a5dd73537c7,3,32,7
e17f046915cce47bd95b4b8f4b197c8fb3d76481,2,17,5
8b57c2d95e39d7c08e42bb5b074969f076a321d8,2,29,12
6f14330db96d599a0ec4a880786320d1b493c861,1,54,8
4a1d547c823016965040237c038832468984fd05,1,1,0
fe6e166c17990070a64c0b15d91b283a18c9dec5,1,9,0
f28bcd1a6c78ad80316885c50ec77661184b390e,2,2,2
9eb8ef961e7ea615784bf60221ff8232b0b6c108,4,30,13
05ef7eb774bd373c627ec0a5601ffb4bb245a45c,11,875,445
4becfb06985f23704a42a9699963f5bbe0366e7a,4,69,62
663d9f43b0f5b49088102781ae8ce7123932e97b,3,3,3
c5b22e0f974d267b11ba5b3d0b9a1f1ce73fc465,1,9,3
9613f4fd719faac3cc4428ba560e4cc7c6d158a9,1,5,0
a8924692252c329e7eaa03db07b03137b7b5ac22,1,13,7
e102554877356467113bd4e2cbb386a186619206,1,4,1
dd6b2b0860bba3c0fac44092cf388c607b908df1,6,64,4
672a790148381c4a91b8a862959d97096a7bb513,1,4,4
ae3c13a83d610f3003cf800e2286a8bba69bf2b1,2,30,44
6a3f6b3b9a32d70c7b58bbbf40046497bc415931,4,144,16
fbe88fe1a56907fae90cdf3ebf8c9fb1e12c7d09,5,62,16
f3cc4e1607184a92210cf1b699328860d4ba3809,1,1,0
7d5216168878a13826d5475cbf933b7799224eb5,1,3,3
52115e35af7a8361ae9e8b32499c24f9ba4174d0,16,372,79
cb1f286c45ca4c6599580551557a101d0836fe4f,5,101,16
9fcdb59352eb7bae875c460fbe6b50a4fdde3d45,12,196,97
5804249b521c4edda47d0dffc514075cd6fb4503,1,7,5
3e714ddd9f062e534c1ee028ac8b2269a062004b,8,427,260
37a9214ecf57b5c85c866a90a5e1a52cc3092e8e,1,1,1
b6ce0a1f69af1862f1577f5c2a0f96905d2af683,5,258,150
367a2b8bf66addf6fd731c54b8436ffdd8ed9061,5,187,2
d5379b29a2e22e8d994d201fda5526e712f00c33,2,6,3
90a5181501cbcf506c34a7870220f6f9a18b30df,22,373,1080
f75570734bb41a61d66b10922b6fc1ed48119067,7,342,158
d66a477781a6e081bb62bbd87270c9a3aacb5a40,3,40,3
a1a7deebf8b28e3b09260f9d1f56b4f687fde672,7,43,20
de8f0efe60233436431930447d7672f2a1dc8878,53,1473,516
adb90c7f52be4c443a1050b2bfcbcb5cdf8542f5,4,187,5
64bed0460e0bab9157e71192a18b2285bf1ef536,7,665,56
5fe802ea0a094289b6989748da75fb2942058aba,3,52,3
7db30f8428ef341cc39b2758d3bd6dcccc25b080,3,32,22
2136542f1bbca3cfcad3107365015c103f5b42ae,8,41,8
175d222bfc03ad84023cefb40e48b27356148ec5,75,204,189
ebb236ef9c00592c592f8d5bb885e7dfd4d05c3a,2,5,2
f95ec3f5bf12bee07c90943cff3b135e6a7e7a8b,2,30,2
3990e8b478b1d958479c173c74946e38360cfd17,16,433,266
a2cdf208dd53a77eeb2a87ffe9a71fd19d8fd164,7,169,1
a8dbce159679cd031f60e6151399fa2cd5ac9374,9,190,83
f16e39ecb1dcb4d5964235ef94d84ab4d70ac314,3,11,7
d4d1ccc992dc500518eaf0f50f425a6d2dde2c7c,7,51,14
b5ba6979b7bfd216166f040ec1d66c425307516c,15,226,120
a7a3653b7006297958e79146aa46011d6060099f,17,89,66
614faccf1d353c3b4835e6df0e6902839d54b5f6,2,15,0
a467e88ae4c1dacb022288fe6d4805a7f719cd12,2,14,6
992ba4c79ce11b0b72f9e15463a3b88505a41b88,4,67,1
06d24042b64d6fa0e179b5845990068f849d9ce5,6,245,105
3f0c9e5fe36d201de021d989b23ebaeb2d9a027b,7,290,148
05a497f35ade5b00ad049cf18873068379ef7ccd,2,5,2
bd92322d22be4a00f1a6fbd4fe45660a920eca6d,11,3,855
d6f8a7f7ee7c689abdaa85b0c4d546e562f4e838,10,291,86
12060cb9a634e3b1ae0b7d1508bedd37e3dc0394,4,63,30
b701a84d372be5cdc2fa1382e7755407700620cf,4,107,38
8c3065c971a65448b29ee600d5c889b33e2afdb1,5,234,15
7b7fc7b788066529daa177873c28f4f9013a9c9e,5,124,74
8091ea54d5e5c47da95ac1b1d921134399a5f066,2,15,7
233ca3e2a5145f006316f899e61a02bf97c38e75,3,52,39
96a1477d02e29b3002678f4da9ca55184888a54c,2,4,1
c63e3f027bfe01e421fb692f6a86bcf1a4cecc5f,5,172,33
687d4dbd1d26c3f6cfd24ee37e872a1fef9552d1,2,4,1
61466809552f96a83aa19446d4d59cecd0d2cad5,5,100,0
d074c686b3ba0ba6843d0a25dca5ac991f919e68,2,6,1
52c58115d2a0b97908bacdd7fb6a78a6b6cf3e83,4,57,7
b588da4eb4be8419dbffcafccc381b80dec25acb,2,3,2
1f47d355234777b707191b9c8e813c0000ecf212,5,49,22
ad5306f24ccb42ced48a95419850f41d662fc5ac,4,56,10
4b946ebdf22a25d8f01c87845ae177d7343ae616,5,42,16
cc2f077d437139e79052fbafa37a2065f5a1bd1d,2,90,7
642ed17a4808e36f1458546cc66d52e212cc5acf,4,34,7
7d26cffb0cb21c16b335e8ae9b02523565ad3b5d,6,293,21
ed77c8925d7126f9ea3c8d9cbb1e246ad61ce37c,15,309,162
4f79b07e174ed1f57115a6b0a9f6a6e74e6733ee,3,37,6
cf75df69f253669574263f69b1ec7b1554ea5701,2,1,6
c9b6c3c36c184a03de3b5a1860f336ed834f1f04,19,1431,41
f582aa449210110546147851f529e2fbb337aa0e,2,23,23
1c52b6551b63053b261f4ac821093a8a203de596,12,58,36
c7c8f2fe48d3a16ac70fb98f662d3d77292ba0cd,26,43,1
b923c291b474c246afa9f37ae5d9f6bdbbfef9d2,2,65,60
d4ffca41d7ef1d04ab3d4a1580817adace72a5da,3,31,0
ca6ac1997f045f8093a563fb58b79c01bf7d01c3,2,23,9
448f8dbb9fd9bf2e0ef72dda7bb235915deca94f,6,69,2
e86d48730c64d10ba2a838e5663f9ab7a698c9c6,3,56,0
a1c7a707cac478b7288dfc34cd2fccecb68d0c35,3,163,19
9cea634f7d4276b87821f3ab7c160fa67b2c85b1,5,73,15
504b801ca0e7fd3944872d3214539feb2d614f06,2,24,5
04f1e7a41874bb93434c91c80544eda24afbb215,7,839,1
9521bc3d3eb5d1cc164417b9ca072393bb9cccda,2,31,32
b6eb90370ad063bff5f74d4dc90632fe7ac6ccd3,4,6,3
ac32fa187cf37e5a51fd579e052105662ab3c411,2,15,10
34baa742739f0d4371816ee24225398affcf2d39,3,16,2
875c9d62c6db32aca16201c369d972bcf4a38dbd,2,26,0
a4873a43416cb322957863fd3c34795a3808f7ac,3,264,1
9bac807cedbcff34e1a144fb475eff267e5ed86d,6,28,3
f9c5c308e4f713daf8a6e57dbd9f9b3bf2e81d03,14,299,41
9ebbf1bfcea9942117727c08c6905dd444c230ae,25,1914,954
2b97a4cce4dc1bd0528e960f364edfa132d6bfa3,7,76,41
4cfc90590c1e54c88fc5a683b061258dd897da49,3,27,28
e8585afa032d2aee0593b238c46799cbb884732d,16,1112,3
c6cf7489853d603bb1a77ad699b3068cb4779bbf,11,131,144
0fdcf884987f1906a6ebfe2a2cb7cc86e05440ed,3,178,9
4b87a5ba9069e373969842dd915f3271f36631a5,13,1724,1
9d6c63f8bee34431384adfb20add2abd5b6aa9c0,2,15,34
ffd554b271debbdb29ac9f130ca6797f4859a1f9,3,138,2
e6a03e2fc037b48f3989ef899310e007bb3d16a9,12,356,220
65a5e2cc46b2c04591aa59b7a85751479a7dbd0b,7,397,17
e2c0cf69ca83483c0128021a78fd82e6b5745b01,3,15,12
f6990e06b4d2dbffb2758ab89ef855ba3947bcf3,3,25,13
c28831a0bdaaa573bfd6c4e837183eb5197876fb,3,62,31
a3ecc3b910aa3bbc3ede2b8ba1bd040d02a26ca8,6,141,15
fcfbdf64406ac44b771a3c1b91b95d9d9a465391,5,16,31
8507d724657e71365720d430c737670c962c528f,8,110,63
cfdb09b7cbb5ea1732416da7ce45c78ac4c0849b,8,322,20
ec559db68e1ad306b1ba97283fbda1074fa50eb0,5,426,18
8d07116266f2a2cb19dc303e5937bb6f248b81fb,6,124,23
5ac8276168694053d9fc5357793651f139e9390b,3,28,0
af1d3891570f23ef391c4b7aed3f6dedbcf9277b,2,6,1
66b20f84864ea54b306cc5bc57c0939d80588f88,3,21,0
ffdde40b9f189cb30dee4c5187d63b61809f2d62,4,51,2
0856882d2ae0c8aade443918377ea2de8c3db486,3,21,1
874b4979d00ef6c9c350efcb77bc452bcfea8754,3,31,14
8ee632caa79b92b1af98684f83b01c3447a119ee,15,379,104
830df67181827218ed8525ac924b073cffe4536f,1,1,1
8bd2486b519ed6dcdc638843514d9034b7f3c49f,5,533,7
143e48c25abfebb6c8c6d3250c0745f5636398b4,14,421,101
65a5e2cc46b2c04591aa59b7a85751479a7dbd0b,7,397,17
44a35b5d9accc4ecf7b1bbf762e593540bafe6a3,8,273,212
24d4d933f72c4c3c3f2f34b1de73575c65913bd2,19,445,108
077278fa9e61890e3ebb9f833ecee0e3c4655202,2,9,3
7eb1ca53b3f1acad4d12cf866075ceace5aabf1f,2,6,5
9da487e0fdbf657f9b401e62d165ab13105488a0,31,1810,178
a47d981c6e88178558d3b07fa53c903654a0e321,5,1091,0
5924e74d550b3ac5e5d65c2fc80275095de1c0e1,17,623,406
66de48a353197903c0b45c4af25be24c5588cfe1,4,15,7
797495a179c6fdee40b1be4d1c27693040f3f320,14,1990,1761
8c475876dda2507977fd7282c37462136400daf2,5,27,6
d9dbcbd78c093f4d7d326babab7d64262c2e0280,33,895,101
c65e0bd91c6d4092efd7526a8021ab9b0f1e7b7c,2,51,29
887139648d2e693bb50f286810231150bf1fba9f,2,45,13
615f760590ecff8d51832aa4988de410b9de4fb5,4,93,47
f8a5053d2b51dd72cb46ab32e776957443a3dd88,8,226,68
c3a1bbd206678a74f06a2ee2320b3547e26c3d43,2,28,28
6215606577657832b408fb11b8e030950de5ea7f,4,17,1
575b48a63e55b5216bf78ecf48621ac8f9f80729,2,31,12
5ed80c40d229a48837639d717344599f60203884,1,1,9
603451ed0b64de2aa5c4251d669056701ba788b9,5,1524,1231
4fb6823b3fcc1105589f30a9376fa533fb58a39d,1,2,2
47db48934367962fb35cde65eb48054292e323f1,4,9,2
34da8eb5e9daa5a65ad12f4f284df43469caacd8,1,36,0
67e2a30687c80776e00b36c94b79589be95a6d06,12,277,62
5dbf97fd3d868f6db605fcf3b1a82bb55c47fed1,1,4,8
3f04248a8a5af6d3e0e3cb7a5837764a52ecaf63,2,13,3
be86c7d216202c91a0ba0a43cd7f89b968146d62,6,154,14
5d29c390bf81bd1c5ec171751d6da9c0f862063c,1,159,119
7d6c8991403107e6cf9d967466ead87ef58f3fbf,2,55,25
c4691583426b92eaee0c64deaa088301acdce4c2,3,139,11
08d6538b3f9f611065682d08190747a7a93181fd,36,355,261
42b44788e9f7d9a84ef6ae65a38a581c22fc7c55,2,10,13
5ebbbc8a3c45010b2f52f14477785a1dd9fd02b8,1,23,6
2f3d64b70fbd92d4f3fe132bf0dd46a822ee14d6,2,166,9
a035e9fd8a5bde10c26338d7b23f75dbf59f1352,1,1,1
02ffd6ae37a11cb0acc920bada87c994559d396b,2,47,16
1d54dde65fdeeba31a3a475cd13a23c2ae6cd2d4,1,280,282
d8fdf6abed4031adfa24a35ab23b78185cad6fc1,3,63,23
415be84340155fa0eb6086149a7de381a41ef480,1,6,4
edc59a680a0c147a19b0f5f216db8553b6e7dc57,1,27,25
b079f9911a118b01bbef4515b2cea7fa09fdd5de,2,142,6
8b9ffeb5f2883e3d5187ad2f4a3a35540ff70326,3,69,86
7b9603d029bd651dd5cfb92903ea956e9eeaf712,3,0,103
9cd153c55aa071528a013ecd28014734346d4127,14,1205,1076
8b9e5a2edd935dd40e6dc30c14829e208d7945f2,5,53,22
28725723398943b2b51cb38d6fe92a3aadf4dee6,6,35,40
e15bf1a95abeec1a39f212d65887d88a19f9f68e,1,8,6
135f05e6728a3a0eb02c8974dafca434557080c0,3,21,5
c512c4594c95d08edf0a63cb30ed643a4ed69fcc,9,323,73
5b4e584e455a1d4713119308c846d66fcfd52d9a,1,2,0
ebc869b3e3bd720b7f117f57b3a20045b936a5a8,3,71,152
63d60c6aff8362db9683b83d670556a1a828e8d1,1,0,1
a2a9029c7ee322dc77a85f581f0e584138278840,1,4,12
5f2ee6ded78a158ec352a376b7d6ee5381e70599,4,159,53
d056c0b062311cc1e90ad134076fb13bcfe3ccf4,1,1,1
0c9cd2f936f77ccf22dcf98df1c9679cdafa791f,5,124,100
fd86b5d80c25c8a6e4ac6d2aa7c7db0c758c2cef,8,402,243
653e9a7cdb8011c1eb3193c034c161db79d14e8a,1,1,1
75ff5a4f93b0e817bf4ad4262421a25b0dac062b,1,1,1
afb42145aeb0d228a638628582631975db4bb473,2,233,243
846a05c7d078a6ba05f6ab3643ce6f382de784bc,4,358,466
9cedaa31ffbb5af791ea46548e8d5e75ca9fe738,1,4,4
e3b68ea468af79dde5cd7e27f80731ec9286a45b,3,17,1
85407ae04f15917e2ff48f93929cc6b7e88c9c23,2,25,2
0e8fb56199a9a0d6538dab53a1edbb6f800ffd13,2,59,22
42a3811fac0111978f65514801c080e48bee41fc,2,50,0
dd897c807e495d1dbc76c21e9e944dbe030076b7,1,44,29
fa63d0a22133e1b785f500a1268edc66a2c3f14a,3,24,11
7206c04bb05a5ad7db4030aaf92b355b4c6538ff,14,270,170
b9ab5a6392651b25554ed554c8b262b20e5a40c5,1,4,0
a82c6167163a27223548b1aa6b8cc1b720c33073,16,2622,1038
a0be0f79a696abe57fec91088db97a2dcced676a,8,48,82
d51eaf7a642b4b4572aa9628e66b760e5c3ee2d5,6,306,13
e5cf1be77c4ef3acf89436789f96fff8c081964f,6,215,9
b09e981f1e236c08194c5871214d5431c98eb260,5,66,15
d9d05e0b057335f3d1c7923cbee9d37c3a528d01,11,224,27
c9d4924dcf129512dadd22dcd6fe0046cbcded43,1,41,0
d1c59faff700059d52ef350c3e7741dd5abcb65a,2,4,4
71566c837be621b249f47f3d0b525e744238bf02,4,132,0
32510df2df13cdf6a03ead228a2b4f2c6be67b6b,2,25,5
406bbcc65dbfe7f43f20f9ed86fa4f09535f331d,2,24,4
f0bae099e625f74dac8cb391811188fadffb07bf,3,14,15
4d18b52cfa95619f1f582735f6aa187279bf6fd3,1,1,0
0ea33300e63850254f9490588b6e41042f281d0f,1,2,6
eff73c243eabb0f63129eed9ad3ccf6be36c56b4,2,45,4
9b07112e30871a4a4f8253c8418e93417dcdad97,3,59,5
e4bbfd537a63a52a6094491504fc7b0bb54bcb0e,1,1,1
b6fcb0ba231e39b85e71c61ed5521fc67a2f98e8,4,802,383
e0f983040c7680fce1b2c3b662ebad63a01e8d31,2,47,9
6d69f7beadc0f23c9cedbc56332cd9712664c99b,1,41,38
c029bfc5918c47a8c9a97e23bf94184ef964a017,11,397,19
75b81dcbd26a11d5b370ea5bdf102c2d62ebd0c3,3,17,5
869a002cae63a4e8ab52ec7f2d15d5a2cfbe0c02,8,801,696
8738a12d94509246cbb435474e03fc4421dd2537,1,3,11
fbf70d4fbfd01a5f7f5798c32d61aad97b7ca540,1,1,1
6bc9677bbe919cd5bcadd8af2f5b0c838757a4ce,1,14,20
a527c071070d82d56150c7d040189629fbda54c8,2,29,22
b728ba8816547d2f4264404ada41083f4b971697,1,10,2
31d63bcc9d3d8766c62d2c237554a38462a57456,5,667,477
a911e1da33ae86c2b30c34511b97f1a73bd681f8,1,12,6
48701edad8513b27acec7216581e64637157c86a,2,38,6
57cf199d7477ddba4c623960c265f356304f4045,2,14,7
1ffcd613de9c2fcc691b31355c635df9ffd6caca,9,333,40
05ee5877e9c07e4dce972f84e0741741fefc8efb,2,234,2
05d93592ba53123c2483b146d9aab9cc6e112ae1,2,67,2
45529d30d41b8de338dfc2d26b61d1a79113c766,2,78,0
5f234f8fa9c8f645b6281ecb81dfe7d1a0d7284e,17,75,29
910b45c395032fda3587998dcbfc15cf07e9a551,2,70,4
c095c8f95cadbd5fac7952da6aaa4c13aae1274e,40,409,518
a9a93876f2ead9468fd50eba715083c9a7e8a52a,6,51,1
18e0bff6dbfd5189d2975574c273fe6f1208ba43,4,107,7
990ddf5896045704ec43ac0e5a3e2df7022fed12,8,384,28
8689c572f29745487f2f19a50f3162f7053b8d2c,26,234,226
3df7007006114f98fde14577b0f77b560a435743,4,340,0
d47f33629bcc15db2d0f9d75289b0d0da4850799,6,525,15
6397f775178eedf37663c0b28e863b3b74feb277,7,68,5
0735e178dc8628cf8986dfc6c62332378a42643d,2,18,14
72d780f2cab2892259331c8d6f2d5b33d291d416,1,12,0
c03ff2ec9b64d6073b9130e11af00d0c655f25b6,9,263,89
42d43310ecb03895bc327bdc788375fde57b5f2d,20,776,247
34805565ec1a5002515aa1ae544956ad5b8182fa,3,120,13
82bd585bb78ab580d1bd16e0e9ae7402c5348579,6,49,5
855142e35dc21c03b1c9bb0a33992e283a0b8791,3,7,2
ced5a6c917416088d9def359edacf548509677f3,15,227,111
6ac389cf8a8d445d7689e672f1b9e8dd23f37419,4,476,405
296212eab186b860fd9494db9ed238b341fc2975,4,20,32
586b7e3deedb5a917cffc194a3783b453becf5ca,2,140,83
386e39f4a2b3112cbbc06bcde6483f1cebaa4734,5,63,4
1e49dcda27564e133e5528db215d8fb2d08130d0,1,1,2
31f4ff749c34c8ff573a1d6e1688c39ea1b4463c,10,125,42
f8a5c25714f866a85290634e7b0344f02f6b930b,8,184,105
7be3d247f90c23bbb11bc735276d51008243a7f6,2,8,4
1ab51a08aae827b179dc7d2089f0905acf3d1fcd,2,18,5
c95eca10efeaa160791b351cd3786418b35f416c,1,18,6
b40fe9d5bab0db8ca1ade525aaabc6c94d189f78,18,77,70
3b68aaa84cfa714a4d1b5ef0c615d924e75d2be0,1,1,0
35889c08e997c54194471256e0760ee29a54bafe,1,2,4
93ab055d17bf4663c439424a40a053d7b0255aa7,1,1,1
3fbdf05921125b2bff7e4b914e9e060814010a6f,10,90,3
43faa7747805c8b5fc88bbc54c6af336561e1357,2,3,2
14b92404cd1199d1e0e91786893295fe26cc8ec6,3,22,0
3b21d391c5c01c2b753bd777e5cc6e9d5af7137a,3,101,0
930022aaacd24376b0f17168d5b8c36ca401e626,26,404,148
bc79855cf59458c38498b449f3b8ab99fa1191c9,1,18,5
daab3db062b9b8cddbb653fedca91288cf5a0684,69,162,95
b07d6d56a0d2ace5413bc5b61ad2aa9884294924,5,90,13
9a5abf368f2c5ef996b8cb7185719bcb78fe2b36,30,528,222
edbbc6ec7beb37bbc2d7c0773821c6b766397c2c,1,2,7
d9d3f68a390494af15e49060b7afd9924dbcbee1,47,87,411
39fe690ec815b3e957a98c498d9f3b4c9b544981,10,123,18
9224f75d331c31c1cd81b55829ba90b04762ac78,10,611,0
09c3edcbc7b12c62280eeba8bb3dea0f06775367,3,16,15
e7371d2c1afc6b73b9a4ce845e363d5ce8d9c94f,4,85,54
e83ec1017bf61d352ef8e872984a79002c2020b0,16,107,14
28696f9d6030a11da29b47c760026b7568002df8,1,240,236
fa8fcb53c58b5759ad500fdaf50a66ccb8c08a12,4,15,6
3a1f3532a00319879013c4b219255da0991c7959,1,5,5
1135c8ce7a43dcbb05c678e0f032d6b646104066,5,68,1
ece368462243d7b4721029e31a261b450e026296,1,25,2
146eb941d0babe160c0ee0e5f09600ce3d2f9145,3,32,42
8498280b0eb67684a43e65b226895914b5a489ff,1,3,3
e63ed754f1483af587dc3372467d2bc58ee8b785,32,160,162
ad735cd7885d978288e2800b47fa7fdc3bca5f71,10,13641,1677
6354d1bae0e3f6dbb519291b328b74b3200afd8f,5,24,19
b4dbb666fc187328f42ae63f5d173a57000dff47,2,7,8
982eebf70ff4aebfc200c6373511f1ce0e8667ed,6,4,75
abdc99e1d77335a0e401de20838f0914fcdc0242,1,2,6
bc9f5da47e74b6b474c2792797cbd26a4f427685,4,16,5
c4dd556b92f4b712e3a151181fc15af067322c3d,1,12,7
252399b9a9aeecc11a689c045295470c04d19608,4,78,127
322578b7736f174b9b8e47914c87e9b77c1c1fd4,9,27,12
804bf3ad226dca85c9fa66791bb63b794ab66b73,6,23,44
395959bf216574cad6a1632b13f472f4565c5cfb,9,37,71
6e15ed3153e6fbcacd2b8798b9c5ebea29768210,5,6,52
afb1efaa343a4341f9883741adeae77589210df6,6,117,139
9304ec103d2d104e11c9f96c87864d6f7a026b64,1,0,2
7384d25cb3975a7fdc522ff8f84ab3dadcaba03a,8,154,5
311bd5f25d55471c807acea3d94e655ebcbc3eb9,3,24,0
021315f049c6fc19159f2e7495456744cb0d17e6,10,56,40
5fa9cbdf7684922da39b6b6fdaaa5c89a108b8a8,3,4,4
3d6253c27fbba7cb88626eead38ec18449ffd7bf,5,45,2
207f8e7c475fb8f4ac45baed88daa5d80c2a72b6,1,5,9
c689af142aefea121ae87e32fe775f9859b7344a,9,37,29
a8014dec501f50c4a7bb91778ed832676aa6835c,12,230,74
cc6bd6239a2cf8db9b661e987e22c36737621db2,3,2,16
d77c6eb30ee1f173c65bedabf25f138c9a4e50f2,12,68,0
8210d3091f64a3de385ce6f01314322620f82735,31,408,81
c00c4d3881ddd790a2dae2686bd64df40102332c,6,68,29
626a84a93585cdde6719875ffd0fdc6d3e02af6f,5,49,12
64a2fde80a9f3aa71ac5c0e0b479c242bcecb561,1,6,8
e8f9097127843a3e56cd594da91c12430c178525,3,7,4
f53baebf899b9a03f2bddbc205a764f3002911eb,13,272,13
89cafb31528e6d9edd1503deff0e2afa75209a44,2,32,0
52fe6310a02d23419c6adada88354fa068347dd8,7,39,11
135ec78d7d5854af7e5a764d4c3bb50ccf188eeb,3,17,0
7147c843964a89cc4950ef8b9dc58cfe69aa974f,7,179,3
e33e1ef8d743671b8f43a6434a420253fc3d6fa6,14,158,11
ae6a2d38200dfe98755abfedf645621fe21ecf00,2,56,21
290343ed0276ade6737d6b2e7a2b701c3a70ce77,1,4,3
84ff885f72d1ec8228407b6cdc9c09d342b5a0dc,1,51,43
56031cb270834dea0d6e013641c582a3a56c33ff,6,288,3
b2b7e6996be0cea4d872be637c4fc100971d926e,3,197,0
44d92d8eb39b176c23209f26a69bb1febae8e812,411,5050,8
00db7d150b22031a0c030d55f1395e0ba41c1c76,4,60,12
fb72a4d1f220c3d7d1d681ae17b4e22e89fb51d1,1,12,2
55ff4ae941e12c170a5e49801e599827e6461e27,3,20,7
dc9563874163393853426a050003de459a86f048,1,6,0
02c28943a09f9706049a5dd1dee220c7d2acd353,1,1,6
14c657d448b6dd743806c4df2a321d58f4e0618e,4,42,1
83d5b1e6a0280cc78625bacc2d3f7d1676c7385e,17,757,19
b40e657180d21655dc6d1ceed6c7726fe7c78071,6,64,1
7cd667c0e3e17f0362153cd15536e26eeb4f97a0,13,8,260
f4b4b023a3983531baf68542f35a318248dee6fa,40,592,48
aec021e668ad6786d20feaadf119f5407c2b3191,4,10,4
0dd151142d6a2d2778117905567f203d493268e6,5,72,9
041af28166c270b29b51f5f42fb3269c2dbe1159,17,101,158
06b1f1ec2fc0bca8f4d6d5345cbf42777b4d89ff,3,130,141
33dfd5bb6b66becf4009345170ead16bfc50abd3,4,20,1
1d90b2e1fe600816ace2acbdda25431f62d0f1c2,41,61,58
57f4f664ba0bf785e9903535a4965d786cf13062,3,93,53
6ebe0c30ec99df77b9d9260e8dda5d0d9a975877,23,270,21
bd5dbb665e1af5b3ac2f63eaea49b36377bb8b1a,6,93,4
cc1d8448ed6de75c22eb4af46d21580211517d5e,2,11,1
d8ee4137885fa371259e75d3cbb2c1a55b1e0e90,3,27,8
46ccb06f43fa17fd6e60aea15747f34f70516107,4,10,8
61edb8bd082810d16bb25ac4a526df4ac036f3fa,1,7,2
c4030850a057ed3cd8aedce4ea49147cd10a1798,247,430,376
25ac0cd0efda9c5e814ad55c3689a02848a749cb,1,1,1
079039e5531a152388776c637884c891974008e5,2,46,5
cf4b20cbd433e31b242ef5b88c63c7e949e5d79a,4,267,88
7d474706065c400dd59a6808c0a05d9ad1ac77ab,3,5,52
6b3cef06538b2ba3ad1a67b8f0a67473b5596812,45,349,404
fc281e6694468fd90363a06cfb809e7368799908,7,62,5
bfb2bf6246c48caaca6926e9cba6fae052242939,17,357,227
903ee0d0a6f1254e054a8413575b059f77d3899d,2,23,26
1cda4eacbf8e44d03ecdfb6f16ab523306677cbc,10,123,98
2a06ba4e96e97adaedaeea96f2a23c5d47b36059,2,3,3
6cb363ffc6c515d1b9df760d31ee489b3877c4d5,1,1,1
6cb4e7f20e242367f0efae50d3bb94a6ea989c0d,3,16,16
1677de7862935244adfcd039bd1f0bd3a93e7009,1,6,4
cb378074d6e3fd71a3ab1681a5b1f9c61239245b,3,16,9
61b7b2defd9eccd914bde6b94c9fa978579eb4b3,12,89,2
51b603c850765b2734549a1962581ebe5f5f2125,6,142,22
5ed43d241a1786f41c97af3fc31de3a6f7d1f3ef,3,15,10
80636e5a6f8e4283b0470306331c013c2ea38018,1,5,5
d176607d729525905066b65eb763d466d5753763,1,10,2
319e34aa1743781b453df5df51f03183b123560a,9,133,58
bcd1a596f2a4fa0e244c2f31c9256b078c1bfdf6,1,0,3
ace77ef53fafa3194ce3c18d1cf00237f82a1dbc,2,35,27
7eb6b0fc4c0975ce708ce97632222ecb1129ed03,40,110,47
d344d95b5c0d4a45640cd01d6d1e828b96587e6e,2,6,2
0ace17c659c5e73c9de4003718ba4860bfa3be43,2,6,3
f6f9278eefa378e57bf4f2ededee32e266c8f76d,1,21,10
f6bfcd9709fac61e3c4efe537f0b634bd9f6a09f,5,112,74
7b301d160b20e37c9bedcfed7c9d12dd7e603a6f,1,9,8
4dcd9dfe0ea6f9c8a4eef47d6910dd188638e2f6,4,97,29
3fdd2f2b7464a310674bb62f58dcbff90d1ad16a,4,4,4
af936076fdb57ab158ce924fe5d9bbb4f2dd1846,3,28,27
d07bf38b5f4f65bb7e38e6afae4d41ec304d97e6,3,30,58
2e0bf34ee31beda97f21430ab4869f1e842d22e9,4,9,17
b27c2ddcb46bed712c13cc5eb90b968652964d43,2,103,30
954582943efddc51245c74ebeaeb1b218aa05668,4,94,68
50ccd7ec86dc105c4c6030cd152423ec7b1483a2,3,130,83
ac53634e318a28950845d0e2ae429e89ab1e9fd1,1,27,15
db1599cb657d598ef7d4a56e682dfea201aadd57,2,11,10
a4870e1f053d17b9e9cbb64d6a9b8774a8815863,3,22,2
22b5df0be228a82f0ed3802c87860cfc3d3ce9ed,2,2,2
a7e7e662aec3201493c48b78be0ec0a7ef3cfbbe,1,6,9
73282a316e9b28a3854ff93b6fd95789d9cd40ef,2,28,4
245f782801254eefc4442c0850acf3eeee468697,17,69,429
5c575c099f69e87b7bbd605f492022912096f3cf,20,2205,2047
012afd9ecc4659a2a86a1cd13a4af629bdcbc34a,5,27,26
02b0fc2fa3a41f340a75235d407d8516fe4c7a63,1,2,2
0f8ab8e6e1bdac17585abf685efda33d71cbbff1,1,7,7
ca5239afbb0f9540b0bf71edf3317f0b290af453,2,15,4
15fe100f951a1bba5817676c8d1f9a0fe03c1f65,1,53,25
69902e6dedbfeb4e44eace12a101169cdfb97def,2,69,19
26d12f78c550e45f32e2c0fd4cf625e3fbf3b295,3,24,4
61401651a988791c5cd106f517ceb42ab2ef13e7,1,5,1
91517fad3eae6b93ded1cb16a518b1a37ec06e5c,2,2,2
ebfb482c3ee955f24be4d2802c1e06d6f0aa0d1c,1,2,4
01ff1c8a77ed63405af637be35318ee693dcd1c5,16,708,476
40331c29a3350a994d18c2b04c95e1d5a80527c3,5,214,114
b580f0706dc1dcded6d1a584c37a83dd1cb2ea2a,2,19,10
391e4b4c4ce7d9be1c0051614b970c85cce91c9f,10,22,20
b32aa01a3f9294fc219e8e3b9f274607ebc7ff20,1,61,34
07d58c5537eb7c63194c49de7f75c79834a3f442,38,5517,437
701a907010e10b5214b16008b96992a42d1e82ae,3,91,121
9aa093303a2580c5cd165e95b0d59062ec9ec835,1,2,0
d79c2322e801524146441b1f61739ea079a9a15a,4,68,65
9cbf3e289bfad5b7aa2d235b6e696ccee56f299b,1,13,4
272895e16604dc7827da484be057cdfbe988bc7c,1,0,1
1ec0103ac9439f67c4a9dcf9886ea0adf9cfa020,6,33,26
e6d707a5fdfb1d928c335ad499f72e5128928e27,2,1,2
ab4b279e6a966d5410f581dc51951046a283a70c,1,1,9
45c6da487d959e7731e3de8d1a86c386fc5172cb,1,122,0
14bc62302f5db980c5c21bcb64af047ca68241b5,3,17,6
28c3b04e75aaf2f1b33013cecebd38ae0d6a0b88,1,3,3
87498b148f1a29f9538dbdb3728cdc95af7dd1a1,7,747,191
64cb8af5792432c71315a95b72cdb48219a170a3,2,46,3
a6fa02a07fe374204e9e02914ccf1cc9812aa5ba,1,5,3
1a86e8349193dfd3504507a4493265dd8b99c9df,3,25,5
610c4bbad87af05da8ebd7581f64c8fb3d2388a7,1,7,0
5813377777c7b1e56ff0a0c67d61a4bfd63f2cbe,3,18,10
630620ee581f7fbe07b95ec8cce030e56108cbdf,1,10,1
c5c3e019a461fedf064eef019f4536f00df61dec,4,46,18
87a3c302325e42b2ec6c08b893e3aff50e0f4bd0,1,1,7
cbaaca7d5bbc93d4d5dab31dfa07c7523a7d1a38,1,1,1
0995565b24eeac3652ecef1e5ffbe5b872ac8a5c,3,60,65
635b24fec892a394fba1eb9154a3c6888020f419,23,88,444
6d6e2da437fe7857251c6fc0f2058655e04ed400,1,0,2
b9cab4ee5e2cc7e5cfde59a6815d87a209a65f3a,34,371,939
0b3db7cbf5eada6176af266cc6bebfcd1332f115,3,55,6
f57a8e904c824145a350c20fee1240503c7ca3b5,2,2,2
fa18d6c9584bc1bc8ce6d001162dac4ab72009ff,2,17,1
615adaba0cdfa8685039f4eb0765df053deead9c,2,15,0
c2c9352c0ca7e07fc8150f32295f93f667723b8c,2,3,1
12aa442f95c567f3bc1488bb641fca1e9636e9f1,1,35,13
cf5fb324e3d006d4360c0ae1bba0b2f57d3b6097,1,4,5
d585683650c8e2664b86ccc0aeef080d3b417d1d,2,27,86
5158fe96b0f091ab52f7a5842edc447dd7f8a366,1,2,0
b2107efb3355d921350058e3caaede813cc7795c,5,41,38
111d34b6af146f675dd6ccd9ba67fc826386542a,3,23,23
384542ccb54c28d73d9f368f2375ef60d99127ac,3,12,3
1dc33f9f6d29c6b33de2023d4f2158e70a1c89aa,1,7,1
8a07f772e2d36b759f4d5ab6f213fbb0869a1766,2,276,254
662f0972b4af7430f6d008b933f4faa15f5788d3,8,363,134
59d1720a5d1020d1167bea1a31b9616a685398a2,2,9,9
6aa31e87bc18b613d66eef751f5481d161ee321d,5,27,51
d0ea47d3ef16eb831ed535658508c5abf346bac8,2,55,9
063b8da4cfd78758f2eef5244008dc65f0557a4b,1,12,1
073c256399303ba7569f817f9c8e604628fed071,1,11,1
2c95fae7ad7c87c96fad2e4c80c3580ea3b06cf3,3,349,284
d9ed3ad870a70bbda3183148223ee519e45bde43,25,6088,4175
03ef46a1cfe87d411243e5189a4906d0fce38237,2,130,131
0d1908fbb2a1e5d68b1b38b0feaa1f1a40e76d5b,5,9,7
747a478c6741b7e9e37bc00dbfe28ddc6982fb9b,3,55,49
99bd4fbc657da545ecb40d8778f0979f233e0de9,1,1,1
3d7ec9ba69f2936d30b7ea34cb46369ac5e0de04,38,644,426
5122c892b23298f9faa681aa76d0401f7f5ee236,1,11,6
ff5b19bb8413cd0689d33e23b295a81c90dd38c3,3,49,10
e54358472c94d63c66ad607be256f94378e8ff16,17,69,217
b1cbaf9f3a43ea9bb9ef31578fb5c765cccf7fdb,1,7,6
5787e2af06a377732f81cccb57b29a324875bb71,5,58,29
063f561c851a1bfd717762d96a9d379b79bbb941,2,78,1
97a8657ae17bf9105a41d4930ee26fb2dbd1e3cc,2,23,4
f958ffcc8a52d92385cc29ab896eaf294d695815,1,1,1
7d8aff2ef670306fc01bd2160b1e755196558da1,2,9,3
ae360480a9a955030a6621721a649bbf360d3c9a,25,1835,1490
661fd64481a0db75c501b782a60e89f7e348a9e6,16,289,35
5b500c684ff416cf88937999b1205dd66d48bc67,2,0,27
62c8bfade88dc4b72a07c4a0d6f6633e5d0fcdad,2,30,2
733faeffbd68719ac837d1aab954f4287573ca85,1,7,0
d6c09ee130cc88cc8317c7c2b02452ff6993f177,2,10,12
f55b7c350b928aa5419a1e3ee0fdbe4808731038,4,7,6
fcfdfbbc6516d92624f5af9dc5556f6143df757f,10,1658,1091
e7950dccc0c4df38e172acbd99071e50397fc492,2,2,2
359a2756e623e605aaf29a1f3c7181666fae775c,3,12,4
304215665eb630a9c3e722d789e882bf9f59ab21,1,4,0
1d54f3f4837da65091711f7765511af1a0a7cbd5,1,3,1
f119ea70438e3ff3d72678086ce4c58441a445a7,2,109,76
9ef72b22e87757ff7ff3a499cb01bb6c771e2f2e,12,259,252
fef434b11eb3abf88fca6ac3073a5025447a646d,2,27,8
77f1f5cd336bbd3c7b9d548a4916084bc1e56dc3,1,4,5
165c8954c94ca67d75ecd7fcbc7f1d3da41f5473,1,0,3
319b1c8ad41b769ff4bc5d8cb2d2eb9e3f5e9569,3,10,7
48053b56631374d50fc9075e39fea70da419a5c8,1,49,6
2947b932624e4931333c08cfd9c111628bbd25e9,7,143,18
2299b927c8dbfaad4761ed07c3c709e8e5d1c3b8,2,216,5
3b73c810de961f01ab2dd27710c7e17a0490e208,7,20,15
1257196d255cf3697ab869a86eb6f84034232f78,1,4,4
88a7e673b3ed7e07aa5cf31a1163697808a1f763,2,26,15
e8db1654df89d3c60a6620a68fc5b85137e05b42,25,539,510
b5d1d49a9aa0420d22096c898545aa349a13f07c,1,11,2
6945d04785d7322df45b5c71053ba18431f606cd,11,832,675
8616d08894c8e6cab965174ebb312ff718d83614,1,2,2
e98541030c5e0aadfdb194dbb55254f404219600,4,55,51
c93b0290e8efe32d4844d10adc78c70b802fde18,3,4,7
50e3ca62e5b5cceb13ead212f50aaae57e8990f5,1,6,0
62f5e2a99d4f5c8bebf2b7ad581cae83ac437d0b,2,37,31
6edd54805c2d558802b22a232ea1a751f82db029,4,8,8
e680208e4b24b1f5ea9522e04526ae572bb3b6e3,4,7,9
3980e032581824d7241748c7ec56a916fdce6261,7,63,41
a0daab1afdab6266b59424efa079931623e2d5bf,15,100,53
35135dccec1710e50329b5c4a928ea67b4ae0464,1,21,21
1eee950ac167c1bc02918819c84e6cccb9eebb5f,1,37,4
795fd180f7e758d79c1c37ade7b21a944a183c07,12,860,185
5dfc5a6dff7de7cdff1743a628ee3bb586f6d003,3,71,18
2a590b78e4c9e814faa61457a04ec4f5f2c9a176,4,116,70
197fc962fa8a3153dc058abfa2ae8c816d67ea04,9,161,214
4c0368c587a32fe1e828793e66e41b017fe41605,2,4,4
a09d266b247b185054d0ab0dfdb6e8dc2e8898bc,4,16,16
dcb491bdc8c5612f7ee5115c81312e8dc4f96709,1,9,0
c8fdea3a62ecf92c159ca8811b7d4a1039edd546,5,42,24
2ea800d7cf8bb3d5455402af7291bac9deb2fe46,1,3,0
d703ec89cf73fa94cbd8993b05c5f46ec7bd84ff,1,108,313
ed41fede1fc5861998cd375ffee6980be106cb0c,1,0,2
c94e990f4670af28bc87528c1874946e920eabab,3,135,16
8d695a2f71b4c10c0b7cfff503c6bd64bd4ab8f8,4,62,5
bfad7226bf99c488f5e5063a44cc4a5282c9344d,1,3,3
eb831a81621c685e710b9ff75b1ac7f5c340d1db,6,60,15
19dea8c85287e1462e4719e5710ed1951d3cde6a,3,33,5
3be0759b44c97834e6fd96ac189500aa4d58dcc1,41,232,62
250ac825075785eef0c544670133eb590aaf1168,3,19,7
b0d00c5b3003a233c793a0f092f15358530a0acb,1,8,4
ebe25c83d1f5f1202c560516e8d58294b97ddf37,5,92,33
73ea4cb8ebbefe934d9f088e99903b15772fa445,11,160,20
d52a7d799c2ab73dbc38de272d173bbe9cf08797,4,173,23
6ebf6a1c3a48f4b3f18bfe4e42f86e1b3b8398a2,1,51,31
72a3aef6b6df020c0198689a88690a167653fcec,1,1,1
ca849f196990eec942468efaef3719f829c265eb,10,219,184
3dbcd5fa303e8eecaaa2b5b256f96e0127be0cdf,4,101,61
ccedd8f8e0e01c6472cd32d371d8f579f60af9fc,1,9,3
08894a81b8ba840c6966aec9d7304769d8412b9d,1,3,10
4f0dca67c29eda2ef5894a7e39b8f340fb423889,1,1,1
022cb87f855ef3cd6ed04037f8c0ef42b9b59fbe,1,21,21
473f7cf6ab558225908e9edaa56a1a6d9845b9c1,1,3,0
9ac8731539e821afca215b685203ef82115e36f5,1,6,4
da5ff665396d5f0cbd70b9ea8a53387c0b40cbd1,1,2,1
ecea6e2615d9c1990e40613d5332e1f2d674a5b5,1,52,46
e6897e844505bfdfff46cfc91d9e122002f3e6a5,5,290,6
5bd0f4b011f861f866121b22a0fdb3c000bc5e01,1,9,1
2ca1f557dc3220a047c5ee6a1d8c1a0584f6ca4e,1,2,3
9e843df27fc2dd53c12327e9601206a7c677bd1f,1,16,3
3c3d4b1658b3bd3c8aff620116f3a110bdc3d6d6,2,2,2
69438cc0d3444c064f3555ef465176ef5c28f69e,6,39,32
7c7e4a2e255eff4ee29992330b352a7665050834,8,288,45
a1bf55c5541b45552708fa76b04e24419604825b,4,13,10
2d6a57d5727d4db527caffd7827d60bb2e303846,5,173,4
3bb3597920c9542c86869a4211e3273f135e1c56,3,389,4
0dd95079938476608211f34c414b90f9eca45f77,14,71,25
7b7ab09e22500c6140fafbf59e46c5d3843571c7,12,467,83
016918b2e276f95a7e8868dc6cd00fc3ca6fb71c,9,395,37
b3c028768301ee4a6fd86d6ab24f85f20578d003,4,94,0
24a996801b15e26ee749194977b5995d7b00c485,2,68,2
70a16e87c18891c9dcea9d0edb06552cd6f2e72e,4,8,13
382bd64cdd015fd035182785291db8122791695e,8,20,97
233a1b898725fc39f3f14346c716b5f52b3f0e0a,14,362,106
e4671f5ff0a01bd22e6d21f666188380646821c2,7,132,16
d2cf18983b635c3c47ca6bfcadc06bb2e15a547e,15,498,141
6afc4dfbbaae4b9492c426a38cef1ba035a3b2c5,6,188,0
55eb41292d2989225b4c4c012a0b34f2edfd54b5,1,2,2
ab8caaab8f294a1c90109499dc57770253528446,5,75,25
4fa8844a07917f925668409e461c2c48f9bbc965,4,164,0
07165bab64bd1d62bd5eee176f084dd9317a97b8,1,1,1
85ec6bc6d7cd0904757b596627fd3666de7738dd,3,126,8
cff8f47eb7a1ad17442ec0d3c9bb596d29873faf,8,390,6
29e1e664f1bcaa2af3488096d33d84e328099f3c,3,12,8
4fa174541fd3402cc067ebab5fb44c9b5ce2587e,2,57,3
1e31fa5f695e2f3f99fec2488197e99985f36376,3,109,5
5ee76beeb417b9074068cd3a3b16f84d0c1b474e,1,4,0
c04110620c6337b9bf45b6d1d55042630d95f8a5,3,1,8
ebece5174a5ab834576c0f981682b78f7a6efe25,4,198,29
d7d4a1410bffb969850bb17ba0d48b02ad542136,4,54,9
f49f42476b5931574e1d7f86ac7f3d763f344343,1,0,2
ec0e8cf1fb4f2b99d8677666df38234a621158d2,2,5,9
a4c5847e42fcba0f109de1a3d312d94588249e66,1,1,1
f9f7c57dbf2cd80f2f486d78da0c90a014617e19,1,120,51
0a545cb738de474fb6dd20bdd8e28e939ab62dae,17,588,95
8b9fdf23e2196dce9c956ba9088dd9b3146be60c,11,232,197
46b622678e419de689d1debd514fa3b6876816e4,9,87,98
67b40f7142ea54d9d8234fd30ae82c85b3c7176c,3,96,7
f0f7133a3ae5cff39e4f13643c346fe3b234a8ac,1,1,1
62b7a6dfa2676ee4386cc8b4e81ce8a5d08bc8f3,13,65,36
5f0f55a4f14fe061e96eeca4cff60a1577cd5969,1,12,0
6858749cfd27f2975ce560e84b29e95d16eb88d2,2,23,17
6c0386029b4620e622f6d62939567f88238a21a2,2,2,2
b2b67bd48d228d919db25ca3afd26b70ebf58897,5,120,29
74fdcdcf5f41f420cf46f06ecfebce84ec8f36eb,4,6,7
261810ebd1015358a2c22376596db450f1b6cbba,1,68,68
70d5d2c168bd477e3b8330fd7802b280d1f72b8e,44,203,55
a6cbe8419351fcd8d26f1660dd4b112a7cd64e0b,137,662,530
89c5498bdfd50a213b8d8e46324266883f6209ea,1,18,1
058d4d4b5ffe40b8e93c7593f0b5346373455480,1,3,1
190aabbbe8d382b9b960198d8d895ab98c117893,10,821,5
0376020ee24d9f0ad345e0839be4035f93aae944,42,200,146
74f300d7a9e2f0e43dc5e517cc2acc8a4fcde701,6,118,31
0d456d2091f5f8dd3a954ab64e7b78a08246f892,1,2,2
527370f8c142d373c4543d0eb26cb2f0912ed9f0,4,179,2
36f77aa32cbf76057b0f55be6e31711efb418412,2,48,4
455ca1d72361e66afc01cc39d6d79155a2551e2d,10,607,0
12c81054044c429dd2356ac036b722c06e0f9e55,1,3,5
db57f0af3a110ed418bb0177cbc46ed4c7672c82,1,0,1
f7edaa99bc232ad970faf6369ebc3cf1f6eff70f,1,14,0
6236c422615cfe33795267214077551f3d9ffa6f,2,82,1
8f4cb0486b6e6ab48e6df6b2e3e44a7eca27c911,8,273,3
8467928cf0639c9783a5f03168af547ffe8a23c8,4,21,7
7ac59de1ff24646c5b84b7b559fdc3d6622d1922,1,1,3
208f53a0626a814616470d39d8a7032aac23eb7b,1,3,3
bee0854d90822fe0d879ae12aed4de362a74ceec,1,1,1
5f00dc61b87eb4af734446d3a7b1c8928cf57e5d,10,189,11
24f734d135e137229294f4478b2aba251b4184d3,3,3,3
9a40de8e6c1974d4ae187b181055ecd4b1cc93da,3,7,48
ad7d030f22ff9450aaff6991680613ee5f90b792,1,1,1
ff788e8f9da140e9a2cc08d4615fb878dbdb1c7d,4,114,39
b727e15dffbfa9621bc1b4e80b6b7786e370f5b0,1,0,9
e25dcdd6b12a965b6eca0c69c847fd0316b1c455,3,5,5
21ee77a4383f5c970e8c73967d38615f5bfb48af,2,6,8
3a5efd71396f7febeee17b268071b5a07cba27c3,59,303,718
4145b9f00c83828c55ade3b509a7dce1ab621101,2,10,99
610115b44e10e5046b62a7dfad06dde18e0f83e7,12,19,19
9d2ba02ac12cb561895cbbc7652e55dac49a30d8,4,83,11
e49ebd5a789d335363404335055b23a41d07207f,1,1,1
5a2052fad3f92e6675ba6362028f5f5851934f01,1,2,7
5a57b334d860c19332f81e7b84947e452341a18c,33,1548,1150
67685860541cf7f66d048f314e1b6084591974c3,3,16,16
2d15eb12204048e9c8a6530a029bbf60dbc11e7b,2,14,4
86f43189eb607c39694441af9799f93f3bf5fc4f,1,7,12
7db99eb0da29b8106532a863da32a6bb39ae0a3b,2,53,0
b8acac413b1c85a29a86026b984591fdc9c333fa,3,125,9
3b4f5d617969bc4d6bda9f0da17a141cb32bd521,1,5,1
291e15e330c9b71a0d0238e9d56d4b2a473356af,1,2,2
089b6d52e485ac587753db5343e9bb2104ed1c84,1,1,5
4997182d07c7b7efdcd17b8deccf73fd23a3671b,1,2,1
10f91cb0d91dab0e19103754bc2c9bf4b40e96a3,1,6,7
fdc7205adae52d9e2d928d06faacf9cc9f216b55,3,11,5
efd0e554ca7e9365ec3880ef10706c9b6eca4394,6,152,4
018e2cf16558108622c98fd82bcbde3ce14270db,1,1,1
55149154710b8bd1825442c308fb9b4b76054a63,2,8,18
0135f0311318d8596fdeabca9f266cdac8f5589b,3,35,0
5d4ad11296c8ed4eb447509c110ca206d6c94218,2,8,2
5824fa23d60acca2edd40f1eec0c4687199f0124,10,304,57
5dabaf626e0a3493889eadcbd5ebf73d4e145912,1,20,14
bead0e770467e56136d115c64bf9ea2404813627,1,2,2
2c9238fa348bd6fc2d51b8cb29e1c435713a4652,2,45,45
2d7af3e17d5c33f79890cc7993b37da1b7d60fc9,1,14,11
a47b1d692d7ccf7d7c087607c394e55690f60655,10,19,16
cfbc081dfdc76590d3f1e11b72caa1e30cf9134b,2,11,2
6a85160cfa4f99167f29a1323d0175703fb57816,1,9,3
9e5a33c1b36cae7a7541251509bf032455838fdf,8,234,9
690051f46cad97e4fcfb5073be63ea06e02ac01c,10,426,33
a5b30fd0743195dd2d80dcec2c5e131d8bbc62ef,3,26,22
bd1b559d47603748f6d57a0ff21f68505258ace5,2,23,6
1722fa667819c3cafc6b5de93d7c93bbd570cd47,24,2438,37
1e6f2e79b9e0162f8a111acbe7f2876d0d8eeebe,1,7,5
e3d1a1dda22723fc896bfc96c6db57c500faf208,2,131,3
6418b54f81a9e56242fb78fda4bf95e7b3d4c572,2,65,14
d9a4fb410d6608260a597b1d72b9153c585caa5d,2,82,10
9cbc1d502d0c0ead391ffd65bf1cbd812ed53654,1,13,1
d7c90cff145edc3193a63b1b7751aee203d5c4d6,16,109,142
079b856a6c9ca5abbf788c9eb94535139e301cda,5,69,44
66ae626f91e0b2bbfcf9b9059cb06b07883d9b0b,4,97,14
e9cdb3d24e3eb440a9adbc96a83e7f5ac600863f,2,3,1
b370969690e5463374c4f47e6f8543c07c5ae4d9,1,115,63
a7704c8cceb2e2c04c6a843f575463f32674299d,2,5,5
ab033086f98e633fa7314edf3adfab67fe9bd85b,23,1098,764
8760be7d6428e3b54e6486106770fe1a1ac1e18c,1,16,1
541aae12ef82767479bcd53afb3681b46dd890a5,1,4,1
76fcc81bc61342ed85f7a8a0c325e58162ff24e8,1,28,0
ff7d4eebd8ebbf011656313dca8c6ee1a598c2aa,2,21,23
c059f5382365930c7b87ff1dbaab0eae5452808a,3,192,6
5d8fac86d749c9ea98eb7eda58655fe5fa3616d0,12,572,271
6b07c53c61ed1c2dcd6c74bd64db7477bdafa424,2,9,1
e24b71e70035f9a9baf7ec19c279311eceec31a9,1,5,2
4a29e164a8ca222fd8b0d2043e1d44494e84544e,1,11,3
8800bab8a660f5ab9e2b100cee51af8a462d220c,2,23,10
595cdf05e962299c19c34bbfb370316636d074f2,5,30,25
218ee6d24c991f841ee91085c2bb26d6198db8c6,1,31,0
882289b06e9f2adebd916cf8d02980327c6f9614,1,6,24
188a11bdb925e3a4c1f38f8ff52f0039eb343eaf,1,8,17
521bbfcf5613232af5f907843db0d54b5f9b493f,4,29,35
5ae1c8a24284d1bbc96c8410c81600a5e1a7a9f5,10,79,64
501a1cbb5d35609dcd97a5ce44ac60739173e479,3,40,49
a2f8902b3a8569a1ebb4b4c87fab5a412cf4d389,2,91,123
015284af7cf8eff979cd0c5e5ad3d189915e98a9,1,1,8
df18e9173dfbf6aa97852a25db100294b72e6eb5,2,70,56
59b8a139d72463fbf324e851a9e6daf918fe1b22,1,8,3
3beef9a92e78ca6da4f41dbb0c3c858ac85b10cb,2,29,6
f0bb45ae2869920cfa29a46ea7704b1a6c69ab37,4,20,7
d89b18613f26094eee45d664cc2a8e5fc9fcba16,1,10,5
5a91d607882e59a6255eff0f144a6efecc749af2,1,14,1
21760a8b6b030233d4a82d8026bc9910e0a93ea5,2,103,15
4a6101a697475b6f0f5b5da7cf280ad372725ebb,1,2,2
9f9b972f00afb8f851b0e12852d6c86432ca090f,1,9,1
caf2af077a3a6454cef39678564391c4abaf8eeb,3,18,4
3ac3a72e910ce4734459e9359f979fbed8cb64a1,1,31,1
fe164471124f357d20acb18f6a6059eb5f91be07,2,17,5
610fa618aae58af50c12ee8d0c29d12b7460fd8a,1,10,10
73b54f4efe43dbe674621ba81c7ab7e04e1157c8,2,34,6
eefd1c4ca69fc82c63230dfe30a5752c661388e9,7,158,10
420d11911bbfd59192bfefc061fdc253e326647c,3,92,52
72894b26c24b1ea31c6dda4634cfde67e7dc3050,3,62,4
716aa6974c6c3a0cdfb65e6adbc0e5c59538a289,3,20,11
0b37cec28721a379b87dd8a67a0d8cdd629d13c0,1,64,23
f9ce11eef8b05e7e31b45a428d63ae35eed8ed42,4,209,7
b27e240fdbf9ad91690ae596c21f511808377582,5,167,162
2a52decbbc8391f97ae443bb63032048ce2ae6c3,7,25,26
ac61b13a7c8284dea58ca4d2a046a44d317ced00,1,10,26
28174744a74e08cc974a54041e304dc4aafa5334,1,14,12
6b3023c2aa76386a0d3b437d593bfd65697dc169,3,69,59
2764024351db5082ce5e8f1664a37d1629a56a69,1,3,0
c225b44f3440d8799f1be96de7e27131ad9086c3,3,23,4
59d80ec19e7e6333a2af64b98f68d3efecc58a97,2,78,50
0c6b38b0b5749057d6e9dcb5f7917f27e6542fc3,1,3,2
541cf2de8047f726b780fb1343a7ac9adff77e29,2,3,12
84f6d17c7bae1fbe1437ca0f62be476e012dbe8c,7,43,27
6188550a4817e1f8f0f024034d0f0b5f03b6ecc3,2,83,15
461d99af29e8c358ff80ff9ff58a8ea63fe7b670,2,91,17
d66956b1177df05de05644f53e33509d790b57bf,1,42,29
90d8dade254b4f34fd28d498ce529efd2177c606,2,2,8
ebe8052d559ef5fac8a93820cf5847a8de5e9e43,2,88,41
5f9b4443194d3aa3948d76956897c0a1d918d546,3,89,4
439b7750d4750722a03d60465da2e4b62bbcf626,1,13,1
736169aa2a46f489cd8e75cf4d61cef997fc456f,3,25,26
dc41daa3db350ef9a4b14ef1d750d79cb22cf431,2,9,11
b25462ddf9dcbf0bdc940e7ab1c796520d694093,4,28,16
4043b1d38140d531f5f97d4f87850f168283c240,1,1,1
b0f0d2f28988eeffff9f6f6bd211c77565cc2704,3,14,11
2ec7834124dfa32d7b90afbb23805433a4567bf5,3,44,9
b33db73c932cd41bc19b9f5018c94c673dbe23d0,3,120,31
a725717261c347366e5bc36d95ade9b3ec0109a9,3,115,3
4c73a29f99f0b9d2232b466972a55197758684db,2,37,31
4cbe2ae00aaec2ca4074b06f389f5e50ca235da3,19,432,28
68f61f3b3c2efaa263190519be6ebf4a02e021ad,2,60,2
8ee465103850a3dca018273fe5952e40d5c45a66,2,8,1
710ae3a9d2fbcb6767872656d82b2edaeb6e0656,5,30,10
1a880076880a794016e2eeadea4f7f67c38e68ce,1,32,12
b3f039ae5f0b54a325cdb23f6720e5002b054cee,6,108,76
161c9260542aead8826db802b524a75cb6fb8932,9,1096,782
a29e41b9fa93162b7731ed2d45a2ac368384decd,1,2,1
3e74d3b2fbea16c55805b9b73c182bdc02e70b83,12,332,54
950786a8cc1a83dde6e590f59958f9ada8699288,6,541,22
a429e230b632c40cf3167cbac54ea87b6ad87297,5,57,91
ec463a32ba825d678a230c7ab5f3eb2e1e0c2e42,13,215,113
3ea0cf36bc778a46127c20d9d12da921baa237d7,2,41,29
b497f6ccad3eebcc6d475071bb7dd2741557d5e0,1,1,1
381ccde48d11ef82c371789898e563233141b7ee,1,26,9
40822746306f5d0e5d553504275046ec4906309b,1,11,1
e5b505224b77bb2428ab9ca85e894a1ba51f8994,1,2,1
